parent_asin,clean_title
B000FH0MHO,Dash 8-300 Professional Add-On
B0725ZD6QD,Pro Evolution Soccer 2018 - Legendary Edition (Xbox One)
B07DL353F8,Tales of Vesperia: Definitive Edition - PlayStation 4
B0001ZNU56,"SpongeBob SquarePants, Vol. 1"
B00BJH85SW,Turbo Super Stunt Squad - Nintendo 3DS
B002WH4ZJG,Thrustmaster Elite Fitness Pack for Nintendo Wii
B014BNPNVM,Blue Flame Skull Vinyl Skin Decal Sticker for Nintendo 3DS XL
B00K3T7D4E,MLB Minnesota Twins Controller Skin for Sony PlayStation 4 / PS4 DualShock 4
B009C9E8JY,Set of 4 Bullet Buttons for PlayStation PS3/PS2 Controllers
B00006969T,Konami Collector's Series: Castlevania & Contra - PC
B001ECIV54,Scooby-Doo: Who's Watching? - Sony PSP
B07J1TD61J,"SteelSeries Arctis Pro + GameDAC Wired Gaming Headset - Certified Hi-Res Audio - for PS5, PS4, and PC - White"
B00004SVXD,Tiger Heli - Nintendo NES
B001EYUX4Y,"Warhammer 40,000: Dawn of War - Game of the Year Edition (PC)"
B00Z9TLVK0,NBA 2K17 - Early Tip Off Edition - PlayStation 4
B07TQYRVSZ,Wreckfest: Deluxe Edition for PlayStation 4
B00OLOQGAY,Polk Audio Striker ZX Xbox One Gaming Headset - Black
B00BW800LI,Cobi Treasure Deluxe Download
B08928XH3Y,TXEsign Wall Mount Holder for Nintendo Switch Dock Station - Silky White & Transparent
B005ILK04M,CH Products Eclipse Yoke Discover Bundle (200616DIS)
B08TBXXCZW,Decal Moments PS5 Standard Disc Console Full Body Vinyl Skin Sticker for PlayStation 5 Console and Controllers - Avengers
B0011UH182,Tom Clancy's Ghost Recon Advanced Warfighter
B0000690NH,Wizmo's Workshop: Dragons of Frozzbokk (PC)
B08XXJLZ8N,Deep Tissue Percussion Muscle Massager with 4 Heads for Sore Muscle Relief
B0013953N6,Universal Remote Control for Xbox 360 and PlayStation 2
B07B3RPWKK,"Corsair K95 RGB Platinum Mechanical Gaming Keyboard - Cherry MX Brown Switches, RGB LED Backlit, USB Passthrough, Media Controls (Renewed)"
B004BLJPZU,MX vs ATV Reflex
B072KHS2P7,Nyko Travel Charger EX - 6ft USB Type-C to Car Charger for Nintendo Switch
B07D482RJ8,"10ft PS4 Charging Cable for PlayStation 4 and Xbox One Controllers, Micro USB Data Sync Cord"
B09XSJ282Q,Deathsmiles I & II for PlayStation 4
B01702K36Q,Lost in Reefs: Antarctic
B002KAKSJQ,Art of Murder: Cards of Destiny - PC Game
B00R6HCZ0I,Valiant Hearts - Xbox One Digital Code
B004BV5O0U,The Legend of Heroes: Trails in the Sky (PSP)
B09V6PJ1SC,Motu Origins Protective Cases by Nozlen - Masters of The Universe
B00H5NRSAK,Assecure Camouflage Silicone Skin Grip Protective Pack
B00GW6VBOK,Arsenal Gaming AP3KIT1 2-in-1 Mini Wired Controller Kit - Clear & Smoke for PlayStation 3
B08CN5LC3Y,Switch Lite Protective Case with Anti-Scratch Design
B001ELJEA6,Harry Potter and the Goblet of Fire - Sony PSP
B01CEY4CTY,"World of Nintendo Squid Plush, Blue"
B08CRMC56N,Fpxnb 4-Pair Switch Thumb Grip Set - Cat Claw & Sakura Flower Design
B08BC1PZ1T,"KOET Game Handbrake for PC/Windows SIM Racing - Universal Horizontal Drift Rally Handbrake compatible with G25, G29, T500"
B00B5QGJ5S,The Last of Us Remastered - PS4 Digital Code
B00002ST5F,Speedy Gonzales Aztec Adventure
B09CG15F86,Razer Doubleshot PBT Keycap Upgrade Set for Mechanical & Optical Keyboards - Classic Black
B00JYA880G,Book Club Hidden Object Game
B0013WI4L6,XFPS RateUp Adapter for PlayStation 3
B002KE4NVG,Tales of Monkey Island: Chapter 1 - Download
B00002SUAF,Power Rangers Zeo Pinball - PlayStation
B06Y3SRCTN,Tropico 5 Complete Collection - Xbox One
B001EYUWL8,Tom Clancy's EndWar - Nintendo DS
B07JKM5FVP,The Sims 4: Get Famous - PC
B07GQVD13S,Thrustmaster T80 Ferrari 488 GTB Edition Racing Wheel (PS4/PC)
B00AA55K50,Bubble Burst Remix JC
B0816HC1H7,eXtremeRate Black Vertical Stand for Xbox One S Console
B00GYL29NU,Injustice: Gods Among Us - Ultimate Edition (PS4)
B006M38RX6,Committed: Mystery at Shady Pines [Download]
B00BN5T30E,Assassin's Creed IV: Black Flag - PC
B08865S99Z,Legelux Silicone Protective Case for Nintendo Switch Lite - Yellow
B01LP5V5CU,Controller Gear Gears of War 4 Crimson Omen Controller Stand - Red
B000EP3ZLC,Dreamfall: The Longest Journey - PC
B002XUKTT2,Delicious: Emily's Holiday Season Download
B005OBY876,Postal 2: Apocalypse Weekend Download
B000WQ3838,Midnight Club: Los Angeles - PlayStation 3
B0025KW024,Success Story
B07GN75XN1,Mario + Rabbids Kingdom Battle: Donkey Kong Adventure DLC (Digital Code) - Nintendo Switch
B073S47LKD,Ghost Files: The Face of Guilt Collector's Edition
B00004XOKM,Star Wars: Pit Droids - PC/Mac
B00004U2H6,Diablo 2 Extra Large T-Shirt
B093H7R8XV,Cooling Fan for Xbox Series X with USB Hub
B0BLP6FW67,Nintendo Switch OLED Model: Pokémon Scarlet & Violet Edition
B009156SHE,Forza Motorsport 4 Limited Collector's Edition (English/Spanish)
B001TMU0CG,"Agatha Christie Triple Murder Mystery Pack: And Then There Were None, Murder on the Orient Express, Evil Under the Sun"
B00GUNLZ00,You Don't Know Jack Volume 1 XL Download
B001RNOQLS,PS3 Shadow Wireless Controller with Rumble
B07SG171WL,DOOM Eternal: Collector's Edition - Xbox One
B006IVOLCI,Playstation Move Mayhem Bundle for PlayStation 3
B015Q7IF3U,NewStar Replacement Power Supply Cord for Nintendo Wii
B01J4JTNTG,Gamer Gloves - Orange - Small - Limited Edition
B07KXS41QL,Nyko Charge Block Duo 2-Port Controller Charging Station with Dongles for PlayStation 4
B00ZLI9MR8,Gioteck Online Gaming Pack for PS4
B0001AVSH8,Hitman Contracts - Xbox
B00XY0IVK4,NHL 16 - PlayStation 4
B07VTR7B18,"Redragon K503 PC Gaming Keyboard, Wired, Multimedia Keys, Silent USB Keyboard with Wrist Rest and RGB LED Backlighting"
B00008DHLK,X2 Wolverine's Revenge
B0B6BF97TZ,NBA 2K23 Michael Jordan Edition for Xbox Series X
B07W9955Z4,Hyperkin EVA Hard Shell Carrying Case for Nintendo Switch Lite (White/Turquoise)
B00005V9O0,NASCAR Heat 2002 - Game Boy Advance
B094JWT2M7,"Rainbow Gaming Keyboard and Mouse Combo, LED Backlit, Full-Size 104 Keys, Compatible with PS4, Mac, Laptop"
B0000CE1IN,Black and White Deluxe - PC
B00R6OLQGA,ModFreakz Green Hair Evil Grin Vinyl Skin Set for PS4 Original Console & Controller
B00LHKVUBK,Rechargeable Replacement Battery for Sony PSP 2000
B00OVGABF8,Dark Parables: Jack and the Sky Kingdom - Hidden Object PC Game
B077JPRCMH,Whiteoak Wireless Mini Backlit Keyboard Chatpad for PS4 Controllers with 2.4GHz Receiver
B078GLDBZX,Street Fighter 30th Anniversary Collection - Nintendo Switch Standard Edition
B007YZCE94,LEGO Batman 2: DC Super Heroes - Nintendo 3DS
B07QN1KG7D,Tennis World Tour Roland-Garros Edition (PS4)
B0000C0YSB,The Sims Double Deluxe - PC
B00K5I323O,"Madden NFL 15: 2,200 Points - Xbox One Digital Code"
B07FQPQ7RH,"SADES CX-778 Gaming Headset for PS4, Xbox One, PC - Over-Ear Headphones with Mic, Volume Control, Noise Cancelling (Black Red)"
B01GY35HKE,Mass Effect: Andromeda Deluxe Edition - Xbox One
B099WMXYGH,CNBEYOUNG Head Back Padding for Meta Quest 2 VR Headset - Black
B07M9ZL9RX,"Code V3 87-Key Mechanical Keyboard with White LED Backlighting, Black Case (Cherry MX Clear)"
B00E1L2Z52,Rogue Legacy
B000RE50FO,Sonic Rush Adventure - Nintendo DS
B07GJ5W7HV,Microsoft Xbox Wireless Controller - Phantom Black Special Edition
B084DVJLFP,Cat Quest & Cat Quest II: Pawsome Pack (Nintendo Switch)
B07NLDPQZQ,Watch Dogs 2: Gold Edition with Extra Content and Season Pass - Xbox One
B005N2CTPO,CSDC Legacy of the Stones
B09MFFTCX8,PDP Gaming Faceoff Deluxe+ Wired Pro Controller for Nintendo Switch - Purple Camo
B08GPJJS8R,"Greshare Wireless Vertical Ergonomic Mouse, 2.4G, 800-2400 DPI, 5 Buttons, Removable Palm Rest, Reduces Hand/Wrist Pain"
B07HMX9MPL,Life is Strange 2: Episodes 2-5 Bundle - Online Game Code
B003B07FFY,God of War 3 Game Skin for Sony PlayStation 3 Console
B07RRLGVSN,COOCODE PS4 Controller Skin with 10 Thumb Grips (Red Camo + Blue Camo)
B00004TEXU,Tony Hawk's Pro Skater 2
B08XFR957G,BelugaDesign Gradient Pastel Switch Case Bundle with Paw Thumb Grips for Nintendo Switch
B09FHJQ7H9,Tiny Tina's Wonderlands - PlayStation 4
B07DK574FC,"Lowepro GearUp Pouch Mini: Compact Travel Organizer for Cables, Adapters, Chargers & Batteries"
B000SKI8JC,Playstation 3 HORI PAD 3 Turbo Wireless Controller - Silver
B0BKH2DWNP,"Xbox Elite Series 2 Custom Controller - Neon Green, Soft Touch, Added Grip"
B00NE73FO4,Train Town
B00CJ0OB68,Major Mayhem
B00BQR55JM,NEOGEO X Classics Volume 4
B01GHBJM72,The King of Fighters XIV: SteelBook Launch Edition - PlayStation 4
B00ICQ8FNS,Cybertech 5' USB Charging Cable for PS4 DualShock 4 Controller
B09V1TG17Z,"AC Infinity UIS to UIS Extension Cable, 10 Foot"
B001EYUO2U,The Sims 2 Happy Holiday Stuff Pack - Mac
B075ND7H68,MX vs ATV All Out (PlayStation 4)
B002WCB0O4,SONY PSP 3000 Replacement Shell Housing - Black
B002GP5W0U,Season Match 2 (Download)
B077R2N9VB,Musynx for Nintendo Switch
B086YZYZPC,Nintendo Switch Joy-Con Grip (Renewed)
B00GFW1LWI,PlayStation Move Charging Station
B01EC5AA4E,"Sarepo Magic-We Wired USB Optical Gaming Mouse with 7 LED Lights, 6 Buttons, Ergonomic Design, Up to 1600 DPI"
B07H3QKDT1,FIFA 19: 2200 FIFA Points - PS4 Digital Code
B00024GA9O,Warlords Battlecry III
B000021Y30,Rampage World Tour - Nintendo 64
B0040XXSKM,PDP Fairies Game Case and Stylus for Nintendo DS Lite/DSi
B09KQ2J9YP,Miadore 2 Pack Retro N64 Wired Controllers - Jungle Green/Yellow
B01LQRQGP8,Farming Simulator 2017 - Xbox One Digital Code
B06XPXKBCJ,2 Pack iNNEXT Classic Wired Controller for Wii/Wii U (Black)
B00KZLGWI8,Cinpel Replacement Talkback Puck Cable - 2.5mm to 2.5mm Headset Adapter for Xbox 360 (Gray)
B074TZXP1Z,YoRHa Silicone Cover Skin Case for Xbox One S Controller - Blue with 8 Pro Thumb Grips
B07M8QWQ5N,"TOMSIN Metal Buttons for PS4 Slim/Pro Controller - Aluminum Thumbsticks, Bullet Buttons, D-pad, L1 R1 L2 R2 Triggers (Mental Purple)"
B09B1P49VZ,The Legend of Heroes: Trails to Azure - Nintendo Switch
B00EU61DL0,Castlevania Lords of Shadow Collection
B07MFQX2QP,Playstation 4 PS4 Controller Vinyl Skin Sticker - Purple Starry Galaxy
B0C357ZK5C,Next Level Racing F-GT Elite Keyboard and Mouse Tray Carbon Grey (NLR-E010)
B000VVAVCK,Lethal Enforcers II: Gunfighters
B084QGDGYZ,"Ergonomic Hand Grip Holder for Nintendo 3DS, 3DS XL, New 3DS XL"
B07SJFD972,"PS4 Controller Charger Cable - 2 Pack 10ft Nylon Braided Micro USB Data Sync Cord for PlayStation 4, DualShock 4, Xbox One S/X, Samsung, Android Phones"
B0009R1TGS,Suffering: Ties That Bind - PlayStation 2
B003QWYY06,DSi XL Silicone Sleeve - Clear
B00YM7AKLG,FIFA 16 - Standard Edition - PlayStation 4
B01M0UA4M4,WWE 2K17 MyPlayer Kick Start - Xbox One Digital Code
B01NCRK6W7,"LEOBOG K20W Wired Mechanical Gaming Keyboard - 104 Key, Blue Switches, Mixed Color Backlight, Aluminum Chassis"
B0072PQG22,"Tarot Plus: A Glimpse into Your Past, Present & Future"
B07W3RQJ3N,Zombieland: Double Tap - Roadtrip - Nintendo Switch Standard Edition
B08P2YPK9W,Cybcamo Silicone Controller Grip for PlayStation 5 DualSense with 6 Joysticks Caps
B0047PG3K0,RollerCoaster Tycoon 3 Gold Edition
B07FQ6XPSP,Forza Horizon 4 - Xbox One
B0073ESZ0S,CTA Digital 15-in-1 PS Vita Travel Kit
B00064NY44,Universal Plug 'n' Play Controller with 30 Games
B09DF8ZDY9,"VR Headset with Controller, Adjustable 3D Virtual Reality Glasses with HD Blu-ray Eye Protection, Supports 5-7 Inch Devices"
B00ITZZGTI,Titanfall Season Pass
B00003IEKZ,Stratosphere: Conquest of the Skies
B075FFTPQ2,Skinit NFL Atlanta Falcons Vintage Decal Gaming Skin for PS4 Console
B00D3M821Q,Nintendo 3DS Cosmo Black Handheld System (NTSC)
B000IVERZA,Pelican 60 Block Memory Card for PlayStation
B000K1CS5Y,PlayStation 3 DualShock 3 Wireless Controller - Black
B095VZ5HX8,"Ergonomic Wired Gaming Mouse, 8000 DPI, 7 RGB Backlight Modes, 8 Programmable Buttons, Metal Base, Black"
B0034JKYU0,Bakugan: Battle Trainer - Nintendo DS
B07JGD8W54,MightySkins Skin for Nintendo Switch - Golden Bubbles
B006YVI79A,MightySkins Color Swatch Skin for Nintendo 3DS
1633443264,Star Wars: Force and Destiny - Knights of Fate
B001OHWQAA,7 Wonders 2 - Nintendo DS
B08B6X4WBD,13 Sentinels: Aegis Rim (PS4)
B01CJFGUZW,Cooler Master Devastator II Blue LED Gaming Keyboard & Mouse Combo (SGB-3030-KKMF1-US)
B001Q4HLFQ,Guitar Hero Metallica - PlayStation 3
B00FS9B9XU,ASTRO Gaming A50 Wireless Headset Bundle - Battlefield 4 Limited Edition - PlayStation 3/PlayStation 2
B001KC017O,Off Road Arena (Digital Download)
B000W79CY6,Space Invaders - Atari 2600
B002E1MLR8,PowerA Official Nintendo Wii Wireless Sensor Bar with Extended Range
B07T4WP6TD,MightySkins Skin for Sony PS4 Controller - Monroe Currency
B088WQVJY4,"GuliKit Route Air Bluetooth Adapter for Nintendo Switch, Lite, PS5, PC - Blue"
B013OW09WY,Skylanders SuperChargers: Big Bubble Pop Fizz Character Pack
B019RJXBUK,"GameSir G3f 2.4GHz Wireless Gamepad Controller for Android TV Box, PS3, and PC"
B00S4RAAGA,12 Labours of Hercules 3: Girl Power Download
B083716LWW,Spiderman Cable Guy for Xbox 360 & Xbox
B002JTX8A4,Sudoku Ball Detective PC Game
B00002STHB,GT Racing 64: Championship Edition
B01LWYSG00,Hello Kitty Pink Heart Vinyl Decal Skin for Nintendo Game Boy Advance SP
B000070MQL,Mad Dog II: The Lost Gold
B0B5K4KF8J,HISPD 5V AC Adapter Power Supply for Atari Flashback 4 Classic Game Console
B08YHH5QDG,Pokémon Shining Pearl - Nintendo Switch
B00K32USMU,Call of Duty: Advanced Warfare Digital Pro Edition - PS4
B09QVJDVHN,"Redragon K552 RGB Mechanical Gaming Keyboard with Anti-Dust Proof Red Switches, Wired, 87 Key, White"
B01N2NBZRR,"The Elder Scrolls V: Skyrim Special Edition Bundle (PS4) with Dragonborn, Dawnguard, Hearthfire, Dovahkiin Mask & Steelbook Case"
B087Y981PW,Controller Gear Animal Crossing: New Horizons - On The Beach Skin for Nintendo Switch Lite
B08MBHYVXW,Metro Redux - Nintendo Switch
B00002STR2,Destruction Derby (Greatest Hits) - PlayStation
B09Q2PSYWY,Glamgen Carrying Case for Nintendo Switch and Switch OLED
B0055BIUR4,Sengoku (PC)
B07Z8F7LTQ,Scuf Gaming Vantage Controller Accessories Kit for PlayStation 4 PS4 (White)
B0BHZWQFDP,Dark Souls: The Roleplaying Game by Steamforged Games Ltd - D&D 5e Compatible
B004ZCPL26,Captain America: Super Soldier - PlayStation 3
B092YVT5Z3,2Pcs Analog Thumb Grip Stick Covers for PS5/PS4/Xbox One/360/Nintendo Switch Pro Controllers (Spider-Man)
B002I0HL98,Duke Nukem Forever: Balls of Steel Edition - PC
B0073WKJ9K,"Final Fantasy XIII-2 (Xbox 360, Limited Edition with Episode i Novella)"
B0B1GM9XH4,"TiMOVO 24 Game Card Case for Nintendo Switch, Switch OLED, Switch Lite with SD Card Storage"
B01HDJTTGG,Styx: Shards of Darkness - PlayStation 4
B007VYW5K6,Crysis 3
B01LMXTS9W,"Retro Fighters Next Gen NES Controller - NES, PC, Mac Compatible"
B0BBPM9J1W,PGA Tour 2K23 Tiger Woods Edition - PC
B002Q4AZP8,Pink Cherry Blossom Skin for Nintendo DSi Console
B077T6QC9Q,"3-Pack Silicone Protective Case Covers for Nintendo 2DS (Blue, Red, Pink)"
B00UZY9S90,"Pandaren Soft Silicone Skin for Xbox 360 Controller Set (Blue, 1 Skin + 2 Thumb Grips)"
B00BBO75M0,A-Train 9: The Ultimate Train Management Simulation
B08DL5HTMR,YoRHa Camouflage Silicone Controller Skin Case for Xbox One X & One S (Green & Dark Pink) with 8 Pro Thumb Grips
B07F81VKZ1,Pakesi Nintendo Switch Case with Tempered Glass Screen Protector - Black
B00006B84Z,CH Products Pro Throttle USB
B07SXMV8LY,"Cris Tales (Xbox One, Xbox Series X)"
B00002S96K,Magic School Bus Explores the Rainforest
B08GSR9GPM,"SADES Mechanical Gaming Keyboard, White/Pink, Blue Switches, 104 Keys, Wired USB, White LED Backlit"
B075XGFNBW,YoRHa 2-Pack Silicone Controller Grip Case for Nintendo Switch Joy-Con (Grey) with 8 Thumb Grips
B008CXUUXO,Lego Batman Bundle with Rainbow Stylus for Nintendo DS
B003QCJLRM,Zumba Fitness - Nintendo Wii
B0030MICZA,Mystery Chronicles: Murder Among Friends
B083L54WLC,NSLikey ZL ZR L SL SR Button Ribbon Flex Cable for Nintendo Switch Joy-Con Controller Repair (L ZL ZR)
B08QZ884Q9,PS5 Controller Decorative Faceplate - Blue
B08K39H8ST,Controller Gear Xbox One Controller Stand v2.0
B07KLSSFNG,"LEYUSMART Protector for Nintendo Switch: Slim Heavy Duty TPU Cover with Comfortable Grip, HD Tempered Glass Screen Protector & 2 Thumb Caps - Black/White"
B01H9W5SMG,"Replacement Buttons, Triggers, and D-pad for Xbox One Elite Controller - Chrome Red"
B08J6ZCZ11,LightPro Animal Crossing Thumb Grip Caps for Nintendo Switch & Switch Lite - Cute Cat Paw Silicone Analog Stick Covers (Green & Blue)
B086J1Z12V,Deal4GO On/Off Eject SYNC Bind Power Button Switch RF Board with Bluetooth Module for Xbox One Slim Console 1681 M1019684-001 X948682-001
B00EZAWS38,Castle of Illusion (Relaunch) - Online Game Code
B00QJC9XJC,Total War Rome 2: Wrath of Sparta - Online Game Code
B09CGQ2612,"Rinbers 3D Analog Joystick Thumbstick Replacement with Circle Pad Cover for Nintendo New 3DS, New 3DS XL/LL, New 2DS XL"
B09P2B6VSS,Vampire: The Masquerade - Swansong (PS4)
B07ZJ97BPV,Super Games 68-in-1 Video Game Cartridge (Classic Edition) - 25 Games with Battery Save - USA Version for SNES
B001SH70BQ,Organic Cornflakes Crunchy - 250g
B09T5KH6MD,Meta Quest 2 - 256 GB Virtual Reality Headset
B07QD2HK7B,DualShock 4 Wireless Controller for PlayStation 4 - Midnight Blue (Renewed)
B00GLAUONG,WraptorSkinz Triangle Mosaic Green Vinyl Skin for Nintendo 2DS
B075R9ML5Y,MXGP 3: The Official Motocross Videogame - Nintendo Switch
B09FJKX8ZS,Mcbazel Black Dust Cover for Xbox Series S Console
B09JY72CNG,Razer Goliathus Extended Chroma Gaming Mouse Pad - Mercury White
B09G6L51WP,FIFA 22 Ultimate Team 1600 Points - PC Origin
B08DKQZXTT,YoRHa Thickened Rubber Silicone Cover Skin Case with 3D Letters Massage Grip for Xbox One S/X Controller - Black/Green with 8 PRO Thumb Grips
B003VUNWOM,Cake Mania: Main Street
B088ZKW6KP,White Waterproof Multimedia USB Wired Gaming Keyboard with Colorful LED Backlight
B0086VPUHI,Grand Theft Auto V: Premium Edition - Xbox One
B013KUCYL4,Avengers Captain America Thor Iron Man Hulk Video Game Vinyl Decal Skin for Nintendo Wii Console
B009GE437W,"Nintendo Wii Remote Plus, Mario Edition"
B00005M1UR,Z: Steel Soldiers - PC
B08R3B4CW3,Silicone Controller Grip Skin for PlayStation 5 with 4 Thumbstick Caps (Graffiti)
B01GMDD1VS,Monster Hunter Generations (MHX) Game Skin for Nintendo 3DS XL Console
B0B6HPDH51,SteelSeries QcK Medium Thick Cloth Gaming Mouse Pad - Black
B01DJWX23C,Dark Souls 3 Game Skin for Xbox One Console
B001BWPZ0Q,"Lenmar Replacement Battery for Sony PSP-1000 Series (Replaces PSP-110, PSP-280)"
B089RNR65L,4-Port Charging Dock with 4 Rechargeable Batteries for Nintendo Wii Remote Controllers - Black
B01MG6DORB,NBA 2K17 Standard Edition - PlayStation 4
B0BQDPC4SR,"XIAOGE VR Game Accessories: Beat Saber, Golf Club, Tennis Extension Grips for Oculus Quest 2 / Meta Quest 2"
B001F755RA,Tom Clancy's EndWar Headset Bundle for PlayStation 3
B096KDP58M,"JORREP Wireless Controller for Xbox One, Xbox Series X/S, PC Windows, Mac - Blue with Audio Jack"
B078NWFLL3,Vanknight Vinyl Skin Decal Sticker Cover for Xbox One X Console and Controllers
B084B9539S,TT Isle of Man: Ride on the Edge 2 (PS4)
B08HSPF4VP,Overcooked! All You Can Eat Standard Edition - Nintendo Switch (Digital Code)
B004Y3BZ30,Velvet Assassin X360 Video Game
B08C2Q1N3W,"Vivefox Wireless Pro Controller for Nintendo Switch/Lite - 6-Axis Gyro, Dual Vibration, Motion Control"
B000063467,Monster Cable Powerline for PlayStation 2 (PL PS2-10)
B09JYTFLHJ,Razer Universal Quick Charging Stand for Xbox Series X|S - Carbon Black
B0922T1VZN,Onyehn 6-Piece Black Silicone Dust Plug Set for PS5
B018VJ57AE,"TNP 2.5"" HDD Mounting Bracket Kit for Sony PlayStation 3 PS3 Super Slim Console"
B000083GIT,Superman: Shadow of Apokolips - GameCube
B00KY0QH0I,Tomee Charging Dock for Nintendo 3DS XL (Black)
B07CRWDD4V,Xbox Custom Soft Touch Gaming Controller with Comfort Grip - Pink (Rose Gold)
B09XV52WDK,"LexonElec K670 Wireless Gaming Keyboard and Mouse Combo - 16 RGB LED Backlit, 5000mAh Battery, Metal Panel, Mechanical Feel Keyboard, Gaming Mute Mouse - Black/White"
B01LABL2DQ,Nintendo 3DS Stylus - 3 Pack
B08BJCJ5KK,"Precision Tri-Wing 1.5mm Y-Tip Screwdriver for Nintendo Switch, Joy-Con, and Samsung Gear S2/S3"
B07HSK43NH,HORI Nintendo Switch Battle Pad - Peach (GameCube Style Controller)
B00001ZWQ0,Legend of the River King
B072FVC7QV,Shelter: Complete Edition (Online Game Code)
B07Z43JWLW,Wiresmith Classic Wired Controller for Xbox 360 - White
B07YW3W8TK,"Corsair Ironclaw RGB Gaming Mouse - 18,000 DPI Optical Sensor, Black"
B07L6MJ6LD,Mortal Kombat 11: Premium Edition - Xbox One
B008U6SR92,Gigabyte Aivia Krypton Dual-Chassis Gaming Mouse
B0032YS2LA,Indy 500 / WWII Aces - Nintendo Wii
B000AYDRC4,Joint Ops: Combined Arms - PC
B00002SUNL,Ultima: Runes of Virtue II - Super NES
B07737GTT6,Sony Playstation 2 PS2 Wireless Controller (Pink)
B07N9M9DBL,"Thrustmaster Open Wheel Add-On for PS5, PS4, Xbox Series X/S, One, PC"
B09XKL7FWM,ENFILY Carrying Case for Nintendo Switch / Switch OLED Model - Waterproof Animal Crossing Travel Bag with Wrist Strap
B00NAXT014,"Ubisoft War Games Collection: Silent Hunter 5, Heroes Over Europe, IL-2 Sturmovik: Cliffs of Dover (PC DVD) (UK Import)"
B07XVQ2TCL,Drone Championship League - PlayStation 4
B07P8WKXCF,Xbox Controller - Black (Renewed)
B078QF4H4Z,"Hikfly Silicone Controller Skin Protector Kit for Xbox One/S/X with 8 Thumb Grips (Blue, Red)"
B002MUB0MS,Varmintz Deluxe
B097CKMVZW,Sony PlayStation 5 DualSense Charging Station - White (Renewed)
B00006LJOI,The Legend of Heroes III: Shiroki Majo: Another Story of the Heroes - Japan Import
B07BHXMYV6,Valkyria Chronicles 4: Launch Edition - Nintendo Switch
B001VB8VIK,8MB Memory Card for Wii & GameCube
B07M8RC7V1,Etrian Odyssey Nexus (Nintendo 3DS)
B002DW3MMG,ExciteBots Trick Racing with 2 Wheel Attachments Bundle
B00002ST0K,NBA Jam T.E. - Tournament Edition (Sega Game Gear)
B0055UCIE6,The Treasures of Montezuma 3
B001ELJFNW,Battlefield 2: The Complete Collection (PC)
B00006LFFV,Wolfram Research Calculus WIZ Standalone (PC & Mac)
B000021Y5C,Atari Collection Volume 2
B00002STOU,Pro Pinball: PlayStation 1
B08798WGHW,Microsoft Wireless Controller - Winter Forces Special Edition
B073XKXQW4,BASSTOP Replacement Housing Shell for Nintendo Switch Joy-Con Controller (White)
B07TX9QKGG,"DREVO BladeMaster TE Cherry MX Brown Mechanical Gaming Keyboard - RGB Backlit, USB Wired, Programmable Knob, 87K TKL, QWERTY US Layout"
B0077W3MI6,Wired Infrared Sensor Bar for Nintendo Wii
B071D52761,Destiny 2300 Destiny Silver - PS4 Digital Code
B000SM4ZHY,John Tiller's Campaign Series
B00JQ8SH98,SteelSeries Apex RAW Gaming Keyboard
B01J4EHJO2,Tom Clancy's The Division Streets of New York Outfit Bundle (PC Code - Ubisoft Connect)
B079QKH3KF,The Count Lucanor - Nintendo Switch (UK Import)
B003JZNDN4,Arma 2: Combined Operations - PC
B018UBIU7U,London City: Hidden Object Game (Download)
B097B6J33F,"JEARLAKON Wireless Controller for PS4, Bluetooth Gamepad with 3.5mm Jack and Double Vibration"
B086Z5RF3P,"Corsair Void Elite Surround Premium Gaming Headset with 7.1 Surround Sound, Cherry (Renewed)"
B00X8XIN7S,Project X Zone 2 - Nintendo 3DS
B01D8XOUUQ,"Zelotes T90 9200 DPI USB Wired Gaming Mouse, 8 Buttons, LED Lights, Weight Tuning Set (Black)"
B008B3QCJQ,Dead Island Riptide: Special Edition (PlayStation 3)
B09CZ5KT88,Eastward Standard Edition - Digital Code
B06ZZYKL5T,"Hisonders 15-in-1 Metal Thumbsticks, Paddles, D-Pads, and Trigger Locks with T8 Tool for Xbox One Elite Controller"
B08FRPWRFJ,"Niclogi Dockable Case for Nintendo Switch, Protective Cover with 2 Thumb Grips (Blue and Pink)"
B003STDJ44,Crash Time 2
B08J248GXK,FIFA 21: 1050 FUT Points - PlayStation 4 (Digital Code)
B092PKTLGW,"Mad Catz R.A.T. 8+ Wired Gaming Mouse - 16000 DPI, 11 Programmable Buttons, Customizable RGB LED, Black"
B07WMSTPBS,Monkey King: Hero Is Back - PlayStation 4
B08CXGNQCM,YoRHa Blue Skull Silicone Cover Skin Case for Sony PS4/PS4 Slim/PS4 Pro Dualshock 4 Controller with 8 Pro Thumb Grips
B001W0Y5VM,Army of Two: The 40th Day - PlayStation 3
B018UCL8G4,Old Store Hidden Object Game
B01L3M5SKK,YTTL Replacement Lower Screen LCD Display for Nintendo 3DS XL
B07PRJJTJ7,Naruto Shippuden: Ultimate Ninja Storm Generations (Xbox 360)
B009EN3A3I,Blue Travel Case for Nintendo DSi XL
B09BC13G2X,Guild Wars 2: End of Dragons Standard Edition
B001ELJPM8,Sega Genesis X Band Modem
B08HF7H7BS,THQ Nordic Darksiders III Collectible Steelbook - PlayStation 3
B0BS3JYFPR,"Benazcap Detachable Semiconductor Cooler with Independent Fan for Steam Deck, Black"
B0045EI7IE,Touchmaster Connect - Nintendo DS
B01MQFJKNB,EMiO Extension Cable for NES Classic Edition
B000TTZIH2,Octomania - Nintendo Wii
B01N164SHA,The Crew Wild Run Edition PC DVD UK Import
B07SBKQ7RM,YU-NO: A Girl Who Chants Love at the Bound of This World - Day One Edition (Nintendo Switch)
B097ZYTBDN,2X Txlirnihong Compatible Replacement HDMI Port for Sony PlayStation 5 PS5
B0002WRR2U,"Everquest, Everquest II, Planet Side 90-Day Game Time Card - PC"
B01M6B6FQO,RepairBox Battery Cover for Wii Fit Balance Board
B07VWRJTLR,"NES Classic Edition Storage Carry Case Bag, Waterproof Travel Mini Bag for Console & Accessories"
B00GXM48HA,Xbox $50 Gift Card - Battlefield 4 Premium Edition Digital Code
B00002S69E,Family Game Pack Royale
B019EWMXWC,Odin Sphere Leifthrasir: Storybook Edition - PlayStation 4
B07TP4YQM5,Acer Nitro Gaming Headset (Renewed)
B000AS3EM8,Shooter Starfighter Sanvein
B000068HD7,Final Fantasy IV Japanese Import Video Game
B01N4TFUZ3,This Is the Police (PlayStation 4)
B00MC1NB9C,The Wizard of Fink (Download)
B000035Y0L,Gradius III - Super NES
B01AYMO9DW,Dying Light: The Following - Enhanced Edition - Xbox One Digital Code
B002H0OWLE,Pro Evolution Soccer 2010 - Xbox 360
B07DPKY4XQ,Overcooked! 2 - Xbox One
B083RYMRNX,"Oritys Adjustable Head Strap for Oculus Quest VR Headset - Comfortable Leather, Black"
B0037HOP1S,Farm Mania 2 (Download)
B01D6HV0WU,Wyatt Derp
B001KC02Y6,Aloha Solitaire
B008BKPU6A,RuneScape 3 Treasure Hunter Keys (10 Pack)
B000028U2D,Hydro Thunder (Sega All Stars)
B074Z3XTXT,Logitech G403 Wireless Gaming Mouse (Renewed)
B09WLHBXZH,"Nisotieb 2-Pack Switch Game Card Case, 24-Slot Anti-Shock Cartridge Holder"
B06XRP2QDK,Skinit Disney Elsa and Anna Sisters Gaming Skin for Nintendo Switch
B09GXKQ66G,"Simplehuman Replacement Micro USB Charging Cord for 5"" & 8"" Round Sensor Makeup Mirror (5FT)"
B06XKHBHN6,ModFreakz Console/Controller Vinyl Skin Set - Aged Rough Wood for PS4 Slim
B00UZJEF7U,Game of Thrones Episode 3: The Sword in the Darkness - PS4 Digital Code
B079DFX94N,Replacement Trigger Bumper & Middle Part for Xbox One Elite and Xbox One Controllers with 3.5mm Jack
B08CXVGV8H,YoRHa Camouflage Silicone Controller Skin for Sony PS4/PS4 Slim/PS4 Pro Dualshock 4 with 8 Pro Thumb Grips (Blue)
B00PV55QWG,Ninja Gaiden 3: Razor's Edge - Nintendo Wii U
B09WK7S7R2,"Acer Predator Galea 350 Gaming Headset with 7.1 Surround Sound and Noise-Cancelling Mic (PC, Xbox One, PS4 Compatible)"
B00CA8Q23Y,Xbox 360 - Call of Duty: Black Ops II Uprising DLC - 1200 Microsoft Points
B00BI7IQAA,Tropico 4: Online Game Code
B003ODI40S,The Tomorrow War Demo
B0072V09TM,Angry Birds Seasons PC CD
B07L3N3QH1,"Rechargeable Wireless Mouse, 2.4G Silent Click, USB Receiver, Type-C Charging, Black"
B00179DUAK,"Star Stable: The Autumn Riders - Care, Train, Compete, Master Horsemanship"
B003626TPY,Sherlock Holmes vs. Jack the Ripper - Xbox 360
B000066TS4,Mega Man Zero - Game Boy Advance
B09FH55247,Saints Row Platinum Edition - Xbox Digital Code
B00HM3QANO,CirKa Controller for N64 (Turquoise)
B0026EV5MA,Pangya: Fantasy Golf - PSP
B074MTB932,Lawbreakers: Deadzo Deluxe Edition - PS4
B007CJODH8,Sony PlayStation Vita Travel Bag and Carry Case
B075FCMBWH,Skinit NHL Vegas Golden Knights Jersey Design Gaming Skin for PS4 Pro/Slim Controller
B00CPLC6JU,The Walking Dead: A Telltale Games Series (PlayStation 3)
B01DYYF26U,Battleborn Season Pass - Xbox One
B092LVX6GQ,"PowerA Enhanced Wired Controller for Xbox Series X|S, Xbox One - Seafoam Fade"
B0001HAI8G,MVP Baseball 2004 - GameCube
B07CPGCR9D,Gloomy Pug Vinyl Skin Decal for Nintendo 3DS XL
B07QBKK8BW,PS4 Controller Charging Board JDS-050 USB Port Replacement
B00B3PDHBU,Turtle Beach Ear Force XP510 5.1 Wireless Surround Sound Gaming Headset
B07YD26FHJ,MightySkins Skin for Nintendo Switch Lite - Floral Design Vinyl Decal Wrap
B0068TY9HM,My Baby First Steps - Nintendo Wii
B017B8ZKK8,Knights of Pen and Paper 2: Digital Deluxe Edition
B0BT263ZT9,IFYOO ONE Pro Wired USB PC Gaming Controller - White & Black
B07Q32CZ1Q,LEGO The Incredibles - Nintendo Switch
B072BX7H6Q,F1 2017 Special Edition - PlayStation 4
B01DXECVMY,Ten Ten 3D Match The Blocks
B01G8AP7QC,F1 2016 - PlayStation 4
B0053BQS7K,Kingdoms of Amalur: Reckoning
B004VY49OO,Spring Bonus
B00001XDWI,Armorines: Project SWARM
B087LSSNG1,Xenoblade Chronicles: Definitive Edition - Nintendo Switch
B071Z4VKXJ,Gametown Replacement PSP 1000 Full Housing Shell Cover with Button Screw Set - Crystal Clear White
B08P38SJYF,Pink Xbox One Controller Skin Protector with 4 Pro Thumb Grips & 2 Skull Caps (Butterfly Pink)
B08QH3BSD5,Persona 5 Strikers for PlayStation 4
B000O3E05Y,Logitech Cordless Precision Controller for PlayStation 3
B093BXZP5T,"X-Gun PS5 Silicone Skin Cover for PlayStation 5 Disk & Digital Edition Console - Black, Dustproof, Anti-Scratch, Anti-Fall with 4 Thumb Grips"
B0BGBHSYNW,"PDP Wired Controller for Xbox Series X|S, Xbox One, PC - Crimson Red"
B0BC8K7X36,Logitech G Farm Simulator Heavy Equipment Bundle 2nd Generation Steering Wheel Controller with Pedals and Vehicle Side Panel Control Deck for PC
B00OCAIZ4M,Yokai Watch 2: Shinuchi - Nintendo 3DS (Japanese Version)
B001NXWP5G,Guitar Hero I Greatest Hits - PlayStation 2
B0007AD21W,Warhammer: Shadow of the Horned Rat
B004ZUFKEC,The Sims 3 (Mac Download)
B01MRROR26,Controller Gear Official Starfield Controller Skin for Xbox One
B07D2FT283,Mekela Classic Wired Controller Gamepad for Xbox Series S - Black
B000063WQH,Sim Mania for Kids - PC Game
B09MR1321L,American Fugitive - Nintendo Switch
B00004S9A4,Nintendo 64 Controller - Jungle Green
B07YBXNWXL,Wolfenstein: The New Order - Xbox 360
B00004R9FT,Itchy & Scratchy - Sega Game Gear
B08Y1B24KC,"YoRHa Studded Silicone Controller Cover for PS5 DualSense (Black, White) with 10 Pro Thumb Grips"
B0771CB6B8,American Truck Simulator Gold PC DVD
B071DVSDFX,MightySkins Red Carbon Fiber Vinyl Wrap Cover for Nintendo Switch Pro Controller
B0B4VPT4PJ,Mount & Blade II: Bannerlord - Xbox Series X
B00XLGBGWQ,Mars Devices Controller Breakaway Cable for Xbox 360
B06XQG6QBR,Younik Silicone Protective Case for Nintendo Switch Console & Joy-Con Controllers
B07229352D,EA Sports FIFA 17: 1050 Points Pack - PS4
B07HDV83S9,DOYO 270 Degree Pro Sport Racing Wheel for PS3/PS4/Xbox One/Xbox 360/Switch/Android
B002LAS7DY,Wii Wired Z-Chuk - White
B004HYDH2I,Colossus 4 Pack
B01B39XEMC,Lego Marvel's Avengers Season Pass - PS3 Digital Code
B00002ST2P,Game Boy Camera - Red
B01N6EDRYS,Gold PS4 Dualshock 4 Controller with 4 Custom Thumbstick Covers
B0015KYQ2W,The Mexican American War
B001ELJP8W,Wolfenstein - PlayStation 3
B0B2NPRQVN,"Tuboopy Wii Controller Charging Station with 4 Rechargeable Battery Packs, USB Cable, and Charger Station - Black"
B0049B2FP4,911: First Responders
B00004U62A,Evil Dead: Hail to the King
B08MF38F8P,YWL Meta Quest 2/Oculus Quest 2 VR Facial Interface Bracket and Lens Protector Set
B08X71C938,"Playstation 5 (PS5) Silicone Skin Cover - Dustproof, Anti-Scratch Protector for Sony PS5 Ultra HD/Digital Edition Console (Digital Edition, White)"
B003BYQZ5G,Potion Bar Download
B07NNYP2ZS,Mugast Replacement LCD Display Screen for Sony PSP 2000 Series Game Console
B00LN5F15K,XFUNY 1.2M 2-in-1 USB Data Cable for PlayStation PS Vita - Black
B00PHGMVOA,"ModFreakz D-Pad, RT, LT, RB, LB, ABXY, Start, Back, Sync Trim for Xbox 360 Controller - Light Blue"
B00895APR6,Still Life
B00V5D3OHC,Final Fantasy XIV Online Game Code
B0823F9NB8,Hori Nintendo Switch D-Pad Controller (Left) & PowerA Pokemon Pikachu Comfort Grip
B07R141QZR,TAPDRA Acrylic Panel and Case Joystick DIY Set for Arcade Game Machine Controller
B00A2XO7EU,Hoyle Casino Collection 2
B0962NJ1T3,Xbox Series X Controller Bumper Button Home Guide Surround Replacement Kit - Black (2pcs)
B000MFLBBK,Playstation 3 MediaBoard Cordless Keyboard
B00NAQB6D6,"EVGA TORQ X5L Gaming Mouse, Black - 8200 DPI, 5 Profiles, 8 Buttons, Ambidextrous (901-X1-1051-KR)"
B0BJ16VT5Z,Rock 'Em Sock 'Em Robots Kids Game
B00BJ5GYZU,Sony PlayStation PS3 Controller Silicone Skin Protector Case - Black
B09RQPWGHQ,AI: The Somnium Files - nirvanA Initiative Collector's Edition (PlayStation 4)
B01DUHQHVU,Avanquest Mahjongg: Legends of the Tiles
B07Y6SPN7S,"Soke-Six 2.4G Wireless Retro Punk Typewriter-Style Keyboard and Mouse Combo with Backlit Crystal Panel Round Keycaps, 4800mAh Battery, Mechanical Feel, Anti-ghosting (Black + White Light)"
B0036B8RR8,Blast Off Online Game Code
B01BU2MQSU,Eeoo Remote and Nunchuk Controller for Wii (Sky Blue)
B00004TTID,Street Fighter III: Double Impact
B00Y4C6A3G,Kung Fu Panda: Showdown of Legendary Legends - Xbox 360
B01M1CWDM3,Skylanders Imaginators Girl Power 4-Pack
B07Z94YCBD,Raylove Hard Carrying Case for Oculus Quest 2 VR Gaming Headset and Controllers
B00G960IJC,The True Value of Pieces by Dejan Bojkov
B0100SMBG2,Pink Skull Punk Monster Bow Tie Vinyl Decal Skin Sticker for Original Nintendo 3DS
B075ZH9Z6Q,KMD Premium Tempered Glass for Nintendo Switch
B00ECOGM52,Wipeout: Create & Crash - Nintendo Wii U
B01MQ15PZ2,Solitaire Halloween 2
B07999FH9J,Xbox One S Vertical Console Stand
B00XEFLE2Q,Her Interactive Nancy Drew: Sea of Darkness
B0BGWRZN11,SARLAR Hard Carrying Case for Oculus Quest 2 / Elite Strap Edition - Lightweight & Portable VR Headset and Controller Storage
B07TLC9NPY,Final Fantasy XIV: The Complete Collection (PS4)
B09BF2TBSC,Bandai Vital Bracelet Digimon Dim Card Vol. 1: Volcanic Beat & Blizzard Fang (Japan Import)
B00HVWU0Q4,Tomb Raider Survival Collector's Edition - PlayStation 3
B091LBJKR7,Ride 4 - PlayStation 5
B00KCX1G8U,Insaniquarium
B09TLD6CND,"HyperX Alloy MKW100 Mechanical Gaming Keyboard with RGB Lighting, Onboard Memory, and Detachable Wrist Rest"
B001ELJPUA,Yamaha Supercross - Nintendo Wii
B09LKWN1YQ,Super Monkey Ball Banana Mania: Standard Edition - Nintendo Switch
B001KC020U,Pirate Stories: Kit & Ellis
B019RLSR20,Rock Band 4 Wireless Pro-Drum Kit for PlayStation 4
B08C91TQLV,eSeeking 3-Piece Vinyl Sticker Decal Cover Skin for Xbox One Controller - Style B
B01N16IGKN,Slain: Back From Hell - PlayStation 4
B07BRNWR9B,"FYOUNG USB-C Charging Cable for Nintendo Switch, Switch OLED, Switch Lite, PS5, Xbox Series X/S Controllers, Samsung Galaxy S9, Note 8, LG V20, V30, OnePlus 5, 3T, and other USB-C Devices - 6.6ft"
B00V2V8JZE,E-MODS Gaming TV Mini Console Player Plug & Play with 89 Games - Orange
B00MEBYUDG,Travel Hidden Object Game - Download
B09W191RGP,Quantum Mechanix Jack Burton Q-FigElite Big Trouble in Little China
B00QO4NAOO,MLB 15: The Show - 10th Anniversary Edition
B0BC8Q1MG8,"Raryars Wall Mount Cooling Fan with 2 Fans and 3 USB Ports for Xbox Series S, includes Controller Holder & Headphone Hanger"
B00004SRF5,Winnie the Pooh: Tigger's Honey Hunt
B004IK89FG,Rango - PlayStation 3
B00000JHPD,Nintendo 64 Controller - Black
B0748M4CGP,Logitech G105 Gaming Keyboard with LED Backlighting (Renewed)
B001KC01LK,Treasure Island (Download)
B0BTLHNPDT,Playstation 5 Disc Edition Console Faceplates with Cooling Vents - Black
B00ZE3616K,Tom Clancy's The Division Collector's Edition - Xbox One
B003NHRHD0,King's Bounty: The Legend - PC Game
B000IN0BSU,Wii Classic Controller
B071K56NRS,Dishonored: The Death of the Outsider Deluxe Edition - PS4
B07DMB1SD7,Unravel Two - Xbox One Digital Code
B019HNUVR2,Dino Crisis 2 - PlayStation 3 Digital Code
B00002SW1M,Zero the Kamikaze Squirrel - Super Nintendo Entertainment System
B093W4JNC6,GOTRUTH Series S 2 Cooling Fan for Xbox Series S Console
B00006IIVJ,Combat Flight Simulator 3: Battle for Europe
B000E9T8IW,MS Saga: A New Dawn - PlayStation 2
B08RXMB6SW,PS5 Controller Face Plate - Black
B08NP8H9FF,Kmasic Rugged Protective Case with Screen Protector for Nintendo Switch Lite - Black
B018IPOQJY,Grand Theft Auto V Game with Great White Shark Cash Card - Xbox One (Download Code)
B0030EG0P2,John Deere Drive Green Jewel Case
B0006OMILE,Blood Shareware: Spill Some
B07K8ST2CS,Nintendo Switch Neon Blue and Red Joy-Con with Charging Dock Bundle - E1NTHACSKABAA
B079T6CHPV,Nintendo Labo Toy-Con 01: Variety Kit - Switch (World Edition)
B071772RVY,Austor Case for Nintendo New 3DS XL - Black and Blue
B074G36LZ4,SteelSeries Rival 300 Optical Gaming Mouse - White
B07Q4F8W9X,Nintendo 2DS XL - Purple & Silver (Renewed)
B00008KA2I,Game Boy Advance SP Bag
B003R5THKO,Wii StepUP Balance Board Riser
B09V7HWJYJ,"Tscope Protective Cover for Nintendo Switch, Dockable Soft Shell Case with Space Bunny Pattern & Thumb Caps"
B01G36K1OY,Magece G1 Professional 3200 DPI LED Optical USB Wired Gaming Mouse with 6 Buttons (Black)
B00EHJJBIW,Xbox 360 Chrome Silver Full Parts Set for Controller
B09DFCB66S,PlayStation 5 Console CFI-1102A
B0083GAF12,FIFA Soccer 13
B001AWEJHC,PS3 Travel Bag
B0052UMBVO,Skinit Decal Gaming Skin for Xbox 360 Wireless Controller - Officially Licensed Ohio State Buckeyes Design
B00006JZBI,Nancy Drew: Stay Tuned for Danger
B00776UHG2,PowerA Skylanders Adventure Case
B000AMJVE4,Incredibles: Rise of the Underminer
B00Z9TLQNC,PlayStation VR - Trover + Five Nights Bundle
B001ELJF7I,7 Wonders II (Digital Download)
B00002SUOC,Jeopardy: Sports Edition - Sega Genesis
B00BLTPEQ4,Nintendo Wii System Game Console Pink Shoulder Carrying Case Bag
B01D1YTNQS,atFoliX Hybrid-Glass FX Screen Protector for Nintendo GameBoy Micro
B00JJ1G6VI,Marine Sharpshooter II: Jungle Warfare
B07XPWSQ67,Stranded Sails: Explorers of the Cursed Islands - Nintendo Switch
B004FEG3MQ,Rome: Total War Gold Edition - Mac
B001J2S0WI,Guild Wars Trilogy and Eye of the North Limited Edition Print Bundle - PC
B079HF995D,"Snakebyte Twin Battery Pack for Xbox One, S, X, and Elite Controllers (White)"
B09MG37TN1,Belkin 45W PD Charger & Dock for Nintendo Switch - Portable HDMI Adapter with USB-C Power Delivery
B00CPBZCIM,Sleeping Dogs Bundle (Download)
B01KZUL1CA,Turtle Beach Ear Force Stealth 400 Fully Wireless Gaming Headset for PS4
B07X2LNHGB,Batman: The Telltale Series - PlayStation 4
B077J2BJ2F,Razer BlackWidow Ultimate Esports Gaming Keyboard with Razer Green Mechanical Switches
B0038KUN4M,Nintendo Wii Quad Charger Base
B071HHBWWC,Champions Collection
B001EYUQLY,Burnout Dominator - PSP
B07NTR1KL4,Minecraft: Story Mode - The Complete Adventure - PlayStation 4
B00002CF7W,South Park Chef's Luv Shack - PC Game
B089S2KR9N,"Razer Viper Mini Ultralight Gaming Mouse - 8500 DPI Optical Sensor, Chroma RGB, 6 Programmable Buttons - Black (Renewed)"
B0019N57M8,Wii Fit Balance Board Clear Silicone Sleeve
B000ECX0F6,The Legend of Spyro: A New Beginning
B001EYUPQU,Dora the Explorer: Journey to the Purple Planet - PlayStation 2
B000035XOV,Super Monaco GP - Sega Genesis
B000GT4MQI,Xbox 360 Live Camera Bundle
B07SB9H3VG,F1 2019 Anniversary Edition - Xbox One
B001EYUOXY,Superman Returns - Xbox 360
B002I0ERU4,Monster 4x4 Stunt Racer - Nintendo Wii
B0BTFX4STP,"HyperX Cloud Stinger S Gaming Headset - Virtual 7.1 Surround Sound, Noise-Cancelling Microphone, Black"
B00005YO7E,Planet of the Apes - PlayStation
B0B7FB86GH,Playseat Evolution Sim Racing Cockpit - White
B09WK86G8K,Kiwitatá Retro N64 Wired Controller - Black
B003ELPQJM,Silent Hunter 5: Battle of the Atlantic - PC
B00EHJIYC6,Xbox 360 Pink Replacement Button & Part Set for Controller
B08WM2QZG6,"EVGA X17 Wired Gaming Mouse, Black, 16,000 DPI, 5 Profiles, 10 Buttons, Ergonomic (903-W1-17Bk-K3)"
B01JM80MV2,Warhammer: End Times - Vermintide - PC Standard Edition
B019FNMPQE,SEYOO Airpods Wireless Bluetooth Headphones (49986)
B0031SWWPO,TRON: Evolution - Nintendo DS
B00K5NI75C,TOOGOO Soft Silicone Gel Case Cover for Wii U Gamepad Controller - Black
B001D19JYS,MySims Kingdom - Nintendo Wii
B07HPSFK9V,"Acer Nitro NKB810 Gaming Keyboard – Black, Anti-Ghosting, 6 Backlight Modes"
B0186TD2XI,Toyplicity Mr. Game & Watch amiibo Display Stand
B09QTCLJ9T,PowerA Enhanced Wired Controller for Nintendo Switch - Power-Up Mario
B00GNE3CMK,Fish vs. Crabs (Download)
B00D4VDLBC,Nintendo 3DS Game Traveler Case - Assorted Colors
B003C1PV4O,Cold Fear - PlayStation 2
B000083DZO,ATV Quad Power Racing 2
B01NCEUGBC,"Controller Gear Purple Poly, 7.5"
B0758D88HS,Captain Sonar: Upgrade One
B001EYUPMY,Disney Princess: Enchanted Journey - PlayStation 2
B08N67D58T,"Nintendo Switch Animal Crossing Accessories Bundle - 26-in-1 Kit with Carrying Case, Screen Protector, Grips, Steering Wheels, Silicone Case, Thumb Caps"
B002I0H738,PlayStation 3 250GB System
B00HQMQ5OA,Skinit Decal Gaming Skin for PS4 Controller - Officially Licensed Dragon Ball Z Goku & Cell Design
B07YBXJ5FK,The Evil Within - Xbox One
B08TZXH6WN,"Mechanical Gaming Keyboard - 108 Keys, Brown Switch, Blue/Rainbow Backlight"
B09WCY2HKL,CyberpowerPC Gamer Xtreme VR Gaming PC GXiVR8480A10 with Oculus Quest 2 Advanced All-in-One VR Headset - 256 GB
B00KR2C0RC,WWE 2K15 (PS3)
B0922Z2CPQ,"753 Keyboard Mouse Converter for PS3/PS4/PS5/Xbox Series - USB Wired Gaming Adapter, Plug and Play, Black"
B083GP4Z12,NASA Vintage Documents Softcover Journals - Set of 3
B002TG3UVY,Garden Queen Kelly Green Download
B00IJ7G5IM,Xbox 360 Slim 250GB Hard Drive
B07BZF6CJG,SN-RIGGOR Replacement Black Full Button Set with T8 T6 Screwdrivers for Xbox One Model 1697 Controller (3.5mm Jack)
B00149TZ66,Harvest Moon: Island of Happiness
B08KYGSCL6,"FANPL Fitness Boxing Hand Grips for Nintendo Switch & OLED Joy-Con, 2 Pack (Animal Crossing Blue & Green)"
B0B135LPJ4,PSP 3.3ft 2-in-1 Charger Cable for PlayStation Portable PSP 1000/2000/3000 and PS3
B07SM7G9CN,Donkey Kong Country: Tropical Freeze - Nintendo Switch
B01IP7ZJPA,American Truck Simulator - PC
B001URRH26,Rockin' Pretty - Nintendo DS
B00N8R6P2Y,Saints Row IV: National Treasure Edition - PlayStation 3
B00002EIZW,Pokemon Green Japanese Game Boy
B0002IQC9S,ChoroQ - PlayStation 2
B01KS5NFTO,"4K Ultra HD HDMI Cable with HDR, ARC, 15 Feet, Blue - Supports 2160p, 4K@60Hz, Xbox Series S, Xbox One, PS5, PC, HDTV, Blu-Ray"
B09JBVHHGF,"JINGDU Soft Protective Case for Nintendo Switch, Blue Dog Design, Slim & Lightweight, Dockable"
B0002V8O7I,Ape Escape: Pumped & Primed - PlayStation 2
B00ZD99YXC,Disney Infinity 3.0 Edition: Pixar's The Good Dinosaur Power Disc Pack
B00IK1XP7G,Mystery USA
B00002ST15,Battletoads in Ragnarok's World
B00701PE5S,MightySkins Skin for Sony PlayStation 3 PS3 Slim with 2 Controller Skins - Panda
B0947BFJT8,Battle Square Paracord Mouse Cable for Zowie EC2/EC1 Series Gaming Mice - Violet 26
B00001XDV2,3-D Ultra Radio Control Racer (Jewel Case) - PC
B000AYJPNE,Rollcage: Limited Edition
B08PGKG1QC,Thrustmaster T300 Servo Base for PS4/PC
B07X8Q1MJJ,Durgod HK Venus RGB 60% Mechanical Gaming Keyboard | Cherry MX Blue | Doubleshot PBT Keycaps | Aluminium Chassis | White
B007EIIO72,Rage Campaign Edition - Mac
B00N3NSUIK,Xbox One Special Edition Armed Forces Wireless Controller
B081FWKVSK,"Universal Gaming Backpack for Xbox One/S/360, PS4/Slim/3"
B07KBFF8SX,PlayStation 3 Move Motion Controller (Pre-Owned)
B003DXA0J2,Alien Zombie Death Online Game Code
B0793JM3LM,Final Fantasy XV Royal Edition (Xbox One)
B07VC6GCCC,"ECHZOVE Premium Game Card Case for Nintendo Switch, Aluminum Cartridge Holder (Holds 6 Games) - Blue"
B099JP8SMR,Nerf Legends - Xbox One
B000RQMOHO,Destination: Treasure Island - PC
B0BXCW6JMH,Lightseekers Flight Pack - Flynamo
B00632O5HI,Pokémon Master Trainer 1999 Edition
B085TP74W4,"Replacement USB Charging Cable for PS4 and Xbox One Controllers (3.3ft, Black)"
B084Q59PNC,Replacement 4GB Xbox 360 Slim Console (Renewed)
B000NEDV1S,Game Boy Advance SP - Pearl Pink
B0C1W61H6N,"HyperX Pulsefire Haste Gaming Mouse - TimTheTatMan Edition - Ultra-Lightweight (59g), Honeycomb Shell, HyperFlex USB, 16000 DPI, 6 Programmable Buttons"
B014KNJXPA,Hi-Mall Pink EVA Hard Carrying Case for Nintendo 2DS
B0BNKXLCYQ,Mcbazel Green Camouflage Vinyl Decal Protective Skin Cover Sticker for PS4 Slim Console & Controller
B000A3ON6O,Tak: The Great Juju Challenge - PlayStation 2
B000HLRA3C,Scooby-Doo: Mystery Collection (2006) - PC
B07C7QSKJQ,Kerbal Space Program - Online Game Code
B08Q1MFHT3,PowerA Enhanced Wireless Controller for Nintendo Switch - Black
B00433Z9LU,PlayStation 3 Move Special Ops Shooter Gun
B0015E0N9I,Fable: Limited Edition Bonus DVD
B004MMFUBG,Bodycount (PS3)
B073SBW5W6,Marvel vs. Capcom: Infinite - Xbox One Standard Edition
B096SNXBDX,Subnautica: Below Zero - Xbox Series X
B08PTLW3DB,MightySkins Carbon Fiber Skin for PS5 Digital Edition Bundle - Blue Modern Camo
B00359FHKG,Magic Academy 2
B07KKDH6N7,DS-Space Large Wooden Handle File Brush - For File Cleaning and Rust Removal (2-Pack)
B003NX6U4G,Shaun White Skateboarding - Nintendo Wii
B07QDBB1ZJ,"Logitech G903 Lightspeed Wireless RGB Gaming Mouse - 12000 DPI, Ambidextrous Design (Renewed)"
B0C5DKMYGK,"Ollyn Mechanical Gaming Keyboard, 104 Keys, Red Switches, RGB Lighting, Magnetic Wrist Rest, Hot-Swappable, PBT Keycap for PC/Mac"
B09HL6T7BB,Design Skinz Solid Purple Vinyl Wrap Console Skin for Nintendo Switch
B0BH9SL6T5,SCUF Instinct Interchangeable Thumbsticks - Black (4 Pack)
B08GP296TZ,JUSPRO Thumb Grip Caps for Nintendo Switch & Switch Lite - 8 Pcs Raccoon Flower Cat Claw Cute Design
B07BRGKH9N,Nintendo 3DS XL Blue Leopard Matte Vinyl Cover Skin Decal (Pre-2015)
B001EYUQ32,CSI: Crime Scene Investigation - Mac
B00TDGST0U,Redragon M903 Origin Gaming Mouse with 4000 DPI and 8 Programmable Buttons
B08TMKS553,"TOSTAR Carrying Case Bundle for Nintendo Switch - 4 in 1 Kit with Screen Protector (2 Pack), Dockable PC Case, Joystick Caps (8 Pack)"
B0030GG17W,9th Company: Digital Download
B0038KORSA,Nyko Media Hub Slim for PS3
B005JB45OC,"LevelUp PlayStation Alloy Game Storage Tower, Black"
B007ZO4QFO,"QPAD 5K Pro Gaming Laser Mouse - 7 Programmable Buttons, 1000Hz Polling Rate, 5040 DPI"
B0BPF2XZDQ,Pokemon Violet for Nintendo Switch
B0136JPHW2,Game Boy Micro Replacement Faceplate - Silver
B013VMRAOM,"Captain America, Thor, Hulk, Iron Man, Hawkeye Avengers Video Game Vinyl Decal Skin Sticker for Nintendo 2DS"
B0009IA1UW,Total Annihilation: The Core Contingency
B073VB979L,Superhot VR - PS4 Digital Code
B015B3L56I,Golden Gray Wood Grain PS4 Console and Controller Skin Decal Set
B07CH81328,Nintendo Selects Super Mario 3D Land - 3DS
B0797762M1,"Amazon Basics Gaming Headset for PC, Switch, Xbox, PS4"
B075H3XB4Y,PowerA Comfort Grip for Nintendo Switch - The Legend of Zelda: Breath of the Wild
B0007UDYTW,Untold Legends: Brotherhood of the Blade - PSP
B0BJ47N918,"Corsair K60 RGB Pro SE Mechanical Gaming Keyboard with CHERRY Keyswitches, Aluminum Frame, Per-Key RGB Backlighting, PBT Keycaps, Detachable Palm Rest - Black"
B0002VRP7S,MechWarrior 4 Compilation - PC
B018ZAEUXY,The Lost Treasure Hidden Object Game
B004EPYYFE,King's Bounty: Armored Princess - Demo
B071YC7NMB,"Walnew Joy-Con Wheel for Nintendo Switch Controllers (Red & Blue, One Pair)"
B07GLYDDRG,Madden NFL 19: Hall of Fame Edition - PlayStation 4
B002JTX89U,SpongeBob: Truth or Square - Nintendo DS
B00CO8L348,Skylanders Giants Travel Tote Carrying Case
B082T6VVY1,9 Monkeys of Shaolin - PlayStation 4
B08P9J1ZLD,"Oculus Quest 2 Advanced All-in-One Virtual Reality Headset - 256GB, White"
B084CYQGF5,"TNP Silicone Controller Case for PS4, White - Protective Grip Skin"
B003O68TSM,Harvest Mania To Go (Download)
B003M2XL86,Truth or Lies - Xbox 360
B001FUREY4,Universal Glow Drumsticks
B0875L85MG,Xenoblade Chronicles Poster Gift for Nintendo Switch
B0BKPL8H9M,"Wireless Earbuds Bluetooth 5.0 with 30-Hour Playtime, Built-in Mic, IPX6 Waterproof, Charging Case (Black)"
B0B19LMZ26,Playrealm FPS Thumbstick Extender and Grip Cover 2 Sets for Xbox Series X/S & Xbox One Controller (Joker Green)
B07RCZY66V,"Corsair HS70 Wireless Gaming Headset - 7.1 Surround Sound, 50mm Drivers, Discord Certified, Carbon"
B0BPM9FHWB,"RHOTALL Round Charger for Garmin Fenix 7/7X, Fenix 6/6S/6X, Vivoactive 4/4S, Venu 2, Forerunner 945/955 - Replacement Charging Cable with Dust Plugs"
B01DIJE7M6,eXtremeRate Red Handle Torx T8H & T6 Screwdriver Set for Xbox One & 360 Controllers
B07H7GF337,"Qenker 2-Player LED Arcade DIY Kit for PC and Raspberry Pi with 2x Joysticks, 20x Buttons, and 2x Zero Delay USB Encoders (Blue & Red)"
B0002CTTI0,Dora the Explorer: Super Star Adventures
B0BKSNCB47,GeekShare 4-Piece Little Wings Silicone Joy-Con Thumb Grip Caps for Nintendo Switch/OLED/Switch Lite
B013KDILAE,Nintendo 3DS XL
7100027950,The Legend of Zelda: The Wind Waker
B07VBBC1SD,The Witcher RPG: Lords and Lands Expansion
B008CZN458,Resident Evil 6 Anthology - PlayStation 3
B081X8MJT2,Oculus Rift S 5m Optical Headset Cable
B093DWHD8F,"Nxt Level G9000 Pro 7.1 Stereo Gaming Headset with Noise Cancelling Mic, RGB LED, Memory Foam Pads for PS4/PS5, PC, Xbox, Switch, Mac"
B071RCQML4,"NBA 2K17 75,000 VC - Xbox One Digital Code"
B00C4PCCL4,The Sims 3 Expansion Bundle - PC/Mac
B005EIIS4S,Mario Strikers Charged (Nintendo Selects Edition)
B00005B711,Razor Freestyle Scooter
B07DXPSJH1,Pro Evolution Soccer 2018: Legendary Edition (Playstation 4)
B0B7BSBCSC,HyperX Alloy Origins Mechanical Gaming Keyboard with RGB LED Backlighting - Linear HyperX Red Switch (Black)
B00005V3F8,The Pinball of the Dead
B001QCWS6A,Major League Baseball 2K9 - PlayStation 3
B072K2DCFM,Hyperkin HD Cable for Wii
B08ZPW35XF,Worms Rumble - Nintendo Switch
B07MM1147W,"TOP SKY Wireless Sport Car Shaped Mouse, 1600DPI Optical, 3-Button, Ergonomic Design with USB Receiver for PC/Laptop - Green"
B09V2RBL2B,"HyperX Clutch Gaming Controller for Android & PC - Bluetooth, 2.4GHz Wireless, USB-C Wired, Detachable Phone Clip"
B07PQGJBSH,Seetwo PS4 & PSVR Controller Charging Dock Station for PS4 & PS Move Motion Controllers
B000922CC8,Texas Hold 'Em: High Stakes Poker (Jewel Case)
B003MQXYAM,GUNNAR Gaming Eyewear - Paralex Chrome Frame
B0B2DTTD43,Epomaker Akko ACR Pro 75 Gasket Mount Hot-Swappable Wired Mechanical Gaming Keyboard
B07KQMMF75,FlightGear Flight Simulator 2022 X Premium Deluxe Edition - 5 Disc DVD/CD Set for Windows & Mac OS
B0B1N235MC,"Arsor One-Handed Programmable Mechanical Keyboard - 12 Keys, RGB, Macro, Knob, Plug & Play for Windows (Full Black)"
B00001SHNG,Warcraft II: Battle.net Edition
B00004XMRL,Breath of Fire IV - PlayStation
B00JV3B3MQ,Middle-earth: Shadow of Mordor - Steam PC Game Code
B001EYUU4W,Need for Speed: Undercover - PSP
B097GB732N,"FKZ Bajeal Mechanical Keyboard - 87 Keys, Hotswap, USB Wired, Blue Switch, RGB Backlit, TKL Tenkeyless (White Blue)"
B003INESJK,Mount & Blade
B000CPSHFS,Everquest: Titanium - PC
B003477N6U,Lost Secrets: Caribbean Explorer with Lost Secrets: Bermuda Triangle
B00B9GVZY4,Road to India Download
B005188DPK,CTA Digital Auto Cooler Console Stand with USB Hub for Xbox 360 Slim & E
B01953YZ0S,MLB The Show 16 - PlayStation 4
B09M2CPHDL,Shin Megami Tensei V: Steelbook Launch Edition - Nintendo Switch
B008XXLKLE,The Hip Hop Dance Experience - Xbox 360
B01JJFZ3LC,Nintendo 2DS - Electric Blue with Mario Kart 7
B0B1HDYGH4,Star Trek Prodigy: Supernova - PlayStation 4
B08J8BY4DT,Nintendo Switch Fitness Boxing Grips - 2 Pack (Blue & Red)
B007T8A6NM,uDraw Studio: Instant Artist
B017W2DJHY,ModFreakz Solid Red Full Button Set for Xbox One Model 1537 Controllers
B002EEL00E,Xbox 360 Grand Theft Auto IV Faceplate
B08CSDPHVV,"Modelab 2-Pack 2.4GHz Wireless USB SNES Controller for PC, Windows, Mac, iOS, Linux, Raspberry Pi"
B01N5TQZ2C,Manual Samuel: Online Game Code
B002JTX9LC,Madagascar Kartz - PlayStation 3 (Game Only)
B07BGYLS1L,Shadow of the Tomb Raider - Xbox One
B018WNIBJS,"Elecom DUX Wired Gaming Mouse - 14 Buttons, 3500 DPI, Hardware Macro, Black (M-DUX50BK)"
B007MD2CWC,SteelSeries Kana Optical Gaming Mouse - White
B001E909SY,Rapala's Pro Fishing - PlayStation 2
B0BTM9LJM4,HORI Split Pad Pro Ergonomic Controller for Nintendo Switch (Pokémon Legends: Arceus Edition) - Officially Licensed
B001PGW3KS,Spore Galactic Adventures
B0B9QFSTYN,Collective Minds Strike Pack Eliminator for Xbox Series X/S and Xbox One
B07CBYFCSG,Xbox One Controller - 3D Blue Shadow and Gold
B08K74Z93F,"VOYEE Wired Controller for Xbox One, Xbox One S, Xbox One X, Elite (White) (Renewed)"
B0001FV382,Mega Man Battle Network 4: Blue Moon
B01J5ZTX1C,MD-81/82 Jetliner Download
B0BC519CLR,NHRA: Speed for All - PlayStation 5
B07JWBTKTK,"EXINOZ 6.6ft Braided Charger Cable for PS4 DualShock and Xbox One Controllers (1 Pack, Blue)"
B08SKH6783,Hitman 3 for Xbox One & Series X
B006665FJ8,Haunted Halls: Green Hills Sanitarium - Collector's Edition (PC)
B08D7FF3FR,9CDeer Silicone Controller Skin with Thumb Grips & Dust Plugs for PS4/Slim/Pro - Cartoon Skulls
B008B2DQPA,Skinit Decal Gaming Skin for DS Lite - Officially Licensed Warner Bros Batman in the Sky Design
B0BRBWW8H4,"Nintendo Switch Sports with Leg Strap, 24-Slot Game Card Holder & Cleaning Cloth"
B00KAFGA5O,Test Drive Unlimited 2 - Online Game Code
B06Y424VFF,Power AD Vive PU Leather & Foam Face Cushion Replacement for HTC Vive VR Headset (3 Pack)
B002XISAOU,PSP-3000 Kingdom Hearts Birth by Sleep (Japan Import) Bundle
9625992421,DSi XL Aluminum Metallic Armor Hard Case with Screen Protector - Rose Red
B00N52DTNU,Haunted Temples Hidden Object Game
B00GKRPURA,"Assecure 18 Game Card Case for Nintendo 3DS, New 3DS XL, 2DS & DS - Light Blue/Black"
B00NEU44D2,Skylanders Trap Team Dark Edition Starter Pack - PlayStation 3
B004W4SVUQ,Custom Color-Changing LED Modded Xbox 360 Controller with Rapid Fire (Black Ops/MW2/MW3 Compatible)
B004Y38600,Grand Theft Auto IV (PS3)
B004DNWPW6,Spore: Creepy & Cute Parts Pack - PC/Mac
B00LB4RH1Y,dreamGEAR Neo Fit Case for Nintendo DSi - Pink
B08XB3ZSRF,9CDeer Silicone Controller Skin with 6 Thumb Grips for Xbox One/S/X Rainbow
B07PXLZR74,"AlveyTech Rubber Keypad for Dynamic Shark DK-REMD01 & DK-REMD02 - Fits Power Wheelchairs: Drive Titan X23, Golden Alante, Compass HD, Invacare Nutron, Jazzy 614 HD, PaceSaver Scout Boss"
B007W46WOU,Nancy Drew: Alibi in Ashes (Mac Download)
B00SV2D0OM,Sister's Secrecy
B0B1P51N11,Waifu Discovered 2: Medieval Fantasy - Nintendo Switch
B08FY6FF8L,Oddworld: New 'n' Tasty - Nintendo Switch
B004GUSJHG,AC-130: Operation Devastation
B07DLY5PB4,Xbox One Controller Phone Holder Clip Mount for iPhone/Samsung/Sony/LG/Huawei
B0116QAGH8,BlastCase Gold Glossy Decal Skin Sticker for PlayStation 4 PS4 Console and Controllers
B07X8QF6LZ,Arcade1Up Galaga Silhouette Light
B07Z8P7N33,PDP Victrix Pro AF Premium Wired Esports Gaming Headset for PS5/PS4/PC (Black/Purple)
B003LVY6BO,Bomberman Fantasy Race - Online Game Code
B091NN1KKP,"BenQ Zowie FK1-B Symmetrical Gaming Mouse, White Edition, Large Size"
B0B73F6DWG,Akedo Ultimate Arcade Warriors Starter Pack - Legendary Kick Attack Mini Battling Action Figures
B0006SST90,Chicago Enforcer Game
B00B1W1DW0,Atlantis: Pearls of the Deep
B0771S34S4,"Controller Gear Nintendo Switch Skin & Screen Protector Set - The Legend of Zelda: Breath of the Wild ""Princess Zelda"" Joy-Con & Dock Set (Officially Licensed by Nintendo)"
B00MUTAU40,Tokyo Twilight Ghost Hunters - PlayStation 3
B006VE40JQ,HORI PS Vita Screen Protective Filter
B00U9U09HA,MightySkins Solid Green Skin for New Nintendo 3DS XL (2015)
B000B8P8RQ,Marc Ecko's Getting Up: Contents Under Pressure - PC Game
B005GTNC1O,Xbox 360 Controller Keypad - White
B00NLOEWEC,Titanfall IMC Rising Map Pack (Online Game Code)
B000BNKBCI,The Elder Scrolls IV: Oblivion Collector's Edition - PC
B0062DW9RQ,Yu-Gi-Oh! Dharc The Dark Charmer (TDGS-EN026) - The Duelist Genesis - Common
B09WS2QZXT,Tom Clancy's Rainbow Six Siege - PlayStation 4
B00081NTJ0,Ultimate Solitaire 750 Unique Games with Low Vision Cards
B01DOVC5T0,Cardcaptor Sakura: Clow Card Collection - Dark Edition
B06Y552PH7,Replacement Shoulder Trigger Button Flex Cable for Nintendo New 3DS XL LL (2015)
B0776V65B4,YoRHa Red Silicone Hand Grip Case with 8 Joy-Con Thumb Grips for Nintendo Switch
B005NJ3U32,Atari Flashback 3
B00008XKZ5,Mortal Kombat: Tournament Edition
B00FOT4O68,Mahjong Deluxe 2 (Download)
B000S1MMI4,Spongebob Squarepants: Atlantis Squarepantis
B0799J97GC,"Sega Love Live! Sunshine!! Ruby Kurosawa Little Daemon SPM Super Premium Figure, 8.2"""
B00KIYKP3U,Heroes of Might and Magic IV Complete (PC)
B01MS6C7HT,SteelSeries Siberia 350 Gaming Headset - White
B083FKZR93,Bokeley Men's Fashion Waterproof Dress Watch with Stainless Steel Band
B094F8RB9K,Observer: System Redux - Xbox Series X
B0038LBALQ,Nintendo DS Character Kit - Mario
B000FG65FI,Micro Machines V4 - Nintendo DS
B001EYUT84,Myst IV: Revelation PC/Mac DVD-ROM
B0028U5XAW,PDP DS Transformers Weapon Stylus - Megatron
B01NCJYCK5,The Elder Scrolls V: Skyrim Special Edition - Xbox One
B08XYV784T,Geekria Compact Hard Travel Case for Oculus Quest 2 VR Headset and Accessories (Black)
B0BHKTJTYR,"ButterFox Carrying Case for Nintendo Switch OLED, with Charger, Joy-Con Grip, 18 Games & Protective Case (Black)"
B08KDQ3PX7,Nintendo Wii DVD ROM Drive Replacement Module
B00PF9T5ES,Megadream Dual USB Charging Docking Station Stand for Sony PlayStation 4 PS4 Controllers - Black
B001ELJDZM,GoldenEye Rogue Agent - PlayStation 2
B016Y40F64,Sades SA-738 3.5mm Wired Stereo Over-Ear Gaming Headphones with Microphone and LED Lighting (Black Orange)
B005NB9ZAM,Mightyskins Protective Skin Decal Cover Sticker Compatible with Playstation 3 Console and Two PS3 Controllers - Phat Cash
B00M198LJK,HIGHOT Alua 3-Color LED Backlit Multimedia Ergonomic Wired USB Gaming Keyboard
B081SXY6H3,BestOff Wireless Mobile Gamepad Controller for Android 6.0+ / iOS 11.3+
B0050SZ7IC,Dark Souls Collector's Edition - PlayStation 3
B08NDYPWK7,Deathloop Standard Edition - PlayStation 5
B075X5NMVR,Fallout 4: Game of the Year Edition - PlayStation 4
B001G1OLDO,Plumbers Don't Wear Ties
B07ZTD64SC,HEATFUN Ergonomic Grip for Nintendo Switch Lite - Yellow
B09QHS5255,eXtremeRate White Classical Symbols Custom Replacement Full Button Set for PS4 Slim Pro CUH-ZCT2 Controller
B01GH23BWI,Animal Crossing: Happy Home Designer Puppy Dog Vinyl Decal Skin for Nintendo 3DS
B0087QHS22,Rock of Ages Online Game Code
B08Y6RCQY2,Horse Club Adventures - Nintendo Switch
B07J26C83Q,Shovel Knight: Treasure Trove - Xbox One
B00427KUZC,The Legend of Robin Hood: Conquests of the Longbow
B0009MF7CU,"Cluefinders Reading Adventures, Ages 9-12"
B00004S3AK,Superbike World Championship - PC
B001LLH8MK,Fashion Studio Paris - Nintendo DS
B001DYCRFI,Nintendo Wii Fit 2-in-1 Pink Silicone Skin Case with Pink Wiimote and Nunchuk
B000NGRIDI,The Elder Scrolls IV: Shivering Isles - PC
B0055UCITQ,Gourmania 3: Zoo Zoom
B0047M3A5O,Corel WordPerfect Suite 8 Academic Edition
B081P93F96,Controller Gear Midnight Forces Special Edition Pro Charging Stand for Xbox
B07NH5F6YZ,Final Fantasy XIV Online: Complete Edition - PlayStation 4
B07WN33NX3,Oninaki Daemon - English Version (Nintendo Switch) - Imported Asian Edition
B002I0JBL4,Duke Nukem Forever - PlayStation 3
B00Q8L24UO,Xbox 360 4GB System Console with Peggle 2 Bundle
B08SMLT3N4,SteelSeries Arctis 7X Wireless Gaming Headset - for Xbox Series X|S and Xbox One
B07JFC1RRW,Flashback 25th Anniversary Collector's Edition - Nintendo Switch
B006NU6HAS,PMDG 737 NGX - Windows
B00I0S7JH6,Turtle Beach Ear Force Z60 Gaming Headset with DTS Headphone:X 7.1 Surround Sound for PC & Mobile
B009IF0G9S,Zone of the Enders HD Collection Limited Edition - PlayStation 3
B071G76PGZ,Foamy Lizard AlphaPro Grip Pro Controller Skin – Studded Sweat-Free Silicone Cover with Flat Anti-Slip Studs & 4 QSS-Pro Thumb Grips (Blue)
B000G7WGP4,The Secret Files: Tunguska - PC Game
B09BPKXTW8,Tales from Beyond Vol. 2: Sci-Fi Hidden Object Games 5 DVD Pack + Digital Download Codes (PC)
B0793DBTYQ,Touhou Kobuto V: Burst Battle - Nintendo Switch
B07ZRFQC3L,eXtremeBee Soft Touch Grip Back Plate for Nintendo Switch Joy-Con (Clear Purple)
B09ZLPNB1L,"PDAPTMAG Battery Pack for Oculus Quest 2, 4800mAh Portable VR Power Bank"
B09WMHKBL4,"Pegly 3-in-1 Wii AC Power Adapter, Composite Audio Video Cable, and Wired Motion Sensor Bar for Nintendo Wii"
B003KT0ACG,Record of Agarest War - Xbox 360
B0B5317XJK,GLDRAM Bluetooth Keyboard with Backlight for PS5 Controller - Black
B08NQFMJ4R,"Nintendo Switch Accessories Bundle for Animal Crossing - 26-in-1 Kit with Carrying Case, Screen Protector, Grips, Steering Wheel, Thumb Caps, and Type-C Cable (Blue)"
B01JS3HSY0,Vanknight Vinyl Decal Skin Stickers for PS4 Controllers
B08QCMQ6MW,VR Headset Virtual Reality Glasses for 5-7 Inch Phones with Remote (White)
B003CYKQ6E,Feeding Frenzy 2 Online Game Code
B000035XM6,Shove-it - Sega Genesis
B089KR9RB4,Nintendo Switch Carrying Case with Screen Protectors & Game Card Holder
B00NHIYRW4,Playstation 4 PS4 Full Body Decal Skin Sticker for Console and Controller
B078216FDQ,Soulcalibur VI: Season Pass for Xbox One (Digital Code)
B07NKLWMNT,Nintendo DS Lite AC Adapter
B08CYRYMT7,Dungeons 3 Complete Collection - PlayStation 4
B015OERK40,Massmall Pro Chrome Aluminum Bullet Button Mod Set for Xbox 360 Controller (Deep Sea Blue)
B0BMPKYYW5,2 Pack Wii Nunchuk Controller Set - White & Red
B08J8C7D8C,"Razer BlackWidow V3 Pro Wireless Mechanical Gaming Keyboard - Yellow Switches, Linear & Silent, Chroma RGB, Doubleshot ABS Keycaps, Bluetooth/2.4GHz"
B0B2LLYGND,"Rotymoon Black Carrying Case Set for Nintendo Switch, Hard Shell Travel Bag with Protective Case, 12 Card Slots, Holder, and 4 Thumb Grips"
B002ZCRCUC,Nintendo Wii Remote with Skin and Wired Nunchuk - White
B000FJQ1VS,Genius MaxFire G-08XU 8-Button USB Game Controller for PC
B00006C290,Grand Theft Auto: Collector's Edition - PlayStation
B00V2J844W,NEXiLUX PS1/PSX Memory Card 1MB NXL-PSX01
B08MBMV3TS,Nintendo 3DS Extendable Styluses - 3 Pack
B0047T74CW,Women's Murder Club: Triple Crime Pack
B00N52AU7S,Walk: Hidden Object Game
B07D7HFT9L,Janome HD3000 BE Black Edition Sewing Machine
B009CXLEEW,HDE Ethernet LAN Adapter for Nintendo Wii
B08KWDLQ7S,Cooler Master MM720 White Glossy Lightweight Gaming Mouse with 16000 DPI Optical Sensor and RGB
B001EYUXA8,Where in the World is Carmen Sandiego? PC Download
B07DXWRD47,Vanknight PS4 Pro Console and 2 Controller Vinyl Skin Set - Panther
B01798WKTY,"Razer Naga Chroma RZ01-01610100-R3U1 MMO Gaming Mouse with 12 Programmable Thumb Buttons & 16,000 DPI"
B08SQQSMVH,"Nintendo 3DS, 3DS XL, 2DS, 2DS XL, DSi, DSi XL AC Adapter Wall Charger"
B00576U7W8,Defiance - PlayStation 3
B0B9ZTTCJG,Sonic Frontiers - Xbox Series X
B0877LLPBQ,F1 2020 - Standard Edition (PS4)
B003L20IQA,The Bureau: XCOM Declassified - PC
B0010ZLI0K,Wii 4-in-1 Extreme Sports Kit
B07V32H539,Nintendo Switch Custom Console (Tablet Only)
B08C5KWTGP,Oddworld: Munch's Oddysee - Nintendo Switch
B001G7PSHG,Iron Chef America / Supreme Cuisine - Nintendo Wii
B000035XO6,Jordan vs. Bird - Sega Genesis
B08Q3MLHVW,Design Skinz American Distressed Flag Full-Body Wrap Decal Kit for Sony PlayStation 5 Console (Disc Drive) & Controller
B0006VXOA6,Fullmetal Alchemist and the Broken Angel - PlayStation 2
B008ZARZ1Y,"Everydaysource 5-Pack Top/Bottom LCD Screen Protector for Nintendo 3DS XL/LL, New 3DS XL/LL"
B004SJ5AKO,Sid Meier's Pirates! - Nintendo Wii
B07YDKSSP2,LiNKFOR PS1 & PS2 to HDMI Converter with 3.5mm Audio Jack & 3ft HDMI Cable
B00LIP89H2,"LuguLake Vertical Ergonomic Optical Mouse, Wired, Right Hand, Black (Blue)"
B002W199C0,Hitachi-LG GDR-3120L DVD Drive for Xbox 360
B07FSG5VCM,Snakebyte Twin Charge 4 for PS4 Dual Controller Docking Station
B075JKTL1F,UUShop Vinyl Skin Sticker Decal Cover for 2DS System Console - Galaxy
B0755GKXK6,Tecmo Super Bowl 2018 Edition for Nintendo Entertainment System
B01B4BNHMQ,"GPD XD Handheld Game Console - RK3288, 2GB RAM, 32GB Storage, 5"" H-IPS Display, Quad Core Android, Black"
B00005BISH,Final Fantasy Legend III
B08FGP36SH,"Tscope Adjustable Stand for Nintendo Switch, Switch Lite - Compact, Portable, Foldable (White)"
B000NKWO8S,Battleship: Surface Thunder
1419735101,The Sisters Grimm 9-Book Box Set with Bonus Journal (Paperback)
B0919KQ86N,"FANPL Hard Shell Protective Case for Nintendo Switch - Monster Hunter Rise Theme, Black Gold"
B07SSZ2JQQ,Outriders: Worldslayer - PlayStation 4 (PS4) with Free PS5 Upgrade
B079KQC2K5,All-in-One Solitaire 2 (Download)
B01MFD3CJQ,eXtremeRate 4-in-1 Metal Magnetic Thumbsticks with T8H Screwdrivers for Xbox One S Elite PS4 Slim Pro Controller - Blue
B0BFVQ714J,Meta Quest 2 Controller Grips with Knuckle Straps and Halo Cover (Black)
B09MSSKTNR,Schitt's Creek Edition Bebe Card Game
B00099QLM8,Lunar: The Silver Star
B08KTCM699,"Fire Emblem: Three Houses Golden Deer Tech Decals - 11 Pack Waterproof Vinyl Stickers for Phone, Laptop, Water Bottle, Skateboard"
B002JTX732,Fairytale Fights - PlayStation 3
B000EHIXJY,The Sims 2: Family Fun Stuff - PC
B08J6PWJVB,"LightPro Switch Thumb Grip Caps for Nintendo Switch & Switch Lite, Cute Sakura Flower Silicone Analog Stick Cover for Joy-Con (Pink)"
B00D7CDTQA,Red Orchestra 2: Rising Storm (PC DVD)
B07FNFCCKY,Call of Cthulhu (PS4)
B00001QEPY,Solitaire Deluxe PC Game
B001ELJE1A,Grand Theft Auto: San Andreas - Xbox 360 Digital Code
B09LDCWBSF,Xbox One Elite Controller Series 2 (Model 1797) Magnetic Thumbstick Replacement Set - 6-in-1
B06XQXPXT8,Acecharming Dual USB Charging Docking Station for PlayStation 4 PS4 Controllers
B007EIPXTE,Razer Abyssus Mirror PC Gaming Mouse
B07NVVZK2D,Nintendo Selects: Ultimate NES Remix - 3DS
B00CC50QT6,PlayStation 3 500GB Gran Turismo 5 Legacy Bundle
B006QGEK9E,White MotionPlus for Nintendo Wii
B07NPZZSRC,Resident Evil 5 - Standard Edition - Xbox One
B0BFJS7S2L,Design Skinz Steam Deck Skin - Bright Yellow & Gray Digital Camouflage Protective Vinyl Wrap
B0BL65X86R,PlayStation Store Gift Card - $25 Digital Code
B07STW8S4L,Nintendo Switch Controller Charging Station - 6-in-1 Stand Dock for Joy-Con & Pro Controllers with LED Indicators and USB-C Cable
1772940305,MegaMan Robot Master Field Guide
B00000K2GI,Gauntlet Legends - Nintendo 64
B09NHRRSC5,Nintendo Switch & Switch OLED Dust Cover - Grey
B07MM6PJSY,Darkest Dungeon Collector's Edition (PS4)
B00LA07WWI,White Haven Mysteries
B005WVUHBE,Airline Tycoon 2
B000DZSWK2,Sherlock Holmes: The Mystery of the Mummy
B001EYUTU2,NBA Live 06 - Gamecube
B00AYRKHIY,Nintendo Game Boy Color Replacement Housing Shell - Grape
B09L3KPJW9,"World of Nintendo Super Mario 2.5"" Green Toad Action Figure"
B08NX5R2LK,Bravely Default II - Nintendo Switch
B076JB7HGQ,Lenovo G0A20001WW Explorer Mixed Reality Headset
B00NY5YYQE,PDP Afterglow Karga Xbox One Headset - Green
B01GZX18J2,The Elder Scrolls V: Skyrim Special Edition - Xbox One
B08PZ9WN7J,"KENBU 2-Pack Silicone Protective Controller Cover with Thumb Grips for Sony PS5 DualSense, Black"
B0030GG2TY,Tom Clancy's Splinter Cell: Conviction - PC (Ubisoft Connect)
B018GRY14Y,PowerA Mini Treasure Chest
B000621X5S,Wireless Headset for Xbox
B07JB49HJG,ABXYZ Full Button Mod Set with Thumbstick and D-Pad for GameCube Controller - Clear Pink
B09S9JCSNK,Avolusion PRO-Z Series 12TB USB 3.0 External Gaming Hard Drive for Xbox Series X/S - White
B0BNVLH2V5,Tianken 512GB NVMe SSD Expansion Card for Xbox Series X|S
B00ZDNNRB8,Xbox Elite Wireless Controller
B07L8C9S9N,Katamari Damacy Reroll - Nintendo Switch
B07H9FMQFW,Toynk Fallout Vault Boy Cable Guy Phone and Controller Holder with Rocket Decal
B09CJ1H8KJ,Rims Racing - PlayStation 5 (PS5)
B0BMYY22YP,"Elolicu G7 Handheld Game Console with 666 Classic Retro Video Games, 3.5 Inch Screen, Lightweight Single Player Gaming Device"
B0028N6TP2,Ben 10 Alien Force: Vilgax Attacks - PlayStation 2
B00007E1OC,Lord of the Rings: The Two Towers - GameCube
B079HDCGG3,Snakebyte PS4 Charge Tower Pro - Twin Docking Station with 15 Game Storage & 2 USB Ports
B003QP30Q2,Titanic Mystery - Nintendo Wii
B09L4XTJJC,TalkWorks Steering Wheel Controller for Nintendo Switch - 2 Pack (Blue/Red & Pink/Neon Combo)
B07953G6F7,Nintendo Labo: Variety Kit
B07GPRYQCL,Thrustmaster T.Flight HOTAS 4 Flight Stick (PS4/PC) - 4160664
B00365EA2A,SteelSeries Ikari Laser Limited Edition
B0777GJSDF,Keten Vertical Stand for PS4 Slim with Built-in Cooling Vents and Non-Slip Feet (Black)
B005IMVP0O,PlayStation Vita First Edition Bundle
B00MIPYU0G,Monoprice Dead Rising 3 Bundle for Xbox One (111494)
B074SB8LZD,Original Replacement Full Optical Block for Sony PlayStation 3 - KEM-410CCA
B07NYDS9SY,Amiibo: The Legend of Zelda Series (Wind Waker Link)
B000YSZUXU,eGames Platinum Series - Red - PC
B003AZYIAU,Penny Arcade Adventures: Episode 1 and 2 Bundle (Online Game Code)
B0007D6982,i-Guide Official Interactive Game Guide: Dragon Ball Z: Budokai 3
B00AAS888S,"Razer DeathAdder Expert Gaming Mouse - 6,400 DPI"
B004UJLOWU,"Nintendo 3DS, DSL, DSi, and DSi XL Power Solution - Black"
B0758DYDS3,Playstation Vita 2000 Silicon Full Cover Skin Protector Case - Black
B01JB5NLLO,Playstation 4: LEGO Star Wars: The Force Awakens with Exclusive Topps Galactic Connexions Trading Disc
B0BN69XMV9,Star Wars Armada Invisible Hand Expansion Pack - Fantasy Flight Games
B0B4Q5139S,Gungrave G.O.R.E - PlayStation 5
B06XX3737F,"Ambertown 8-Piece Analog Controller Thumb Grips for PS5, PS4, PS3, Switch Pro, Xbox One, Xbox 360, Wii U, PS2 (Yellow)"
B01GOK23A4,PDP Afterglow LVL 5+ Wired Headset for PlayStation 4 - Camo
B08F7ZWTHR,EA Sports UFC 4 - Xbox One
B004L4EWPU,Rabbids Travel in Time - Nintendo 3DS
B00MVY10CU,Dragon Ball Xenoverse Season Pass - PS3 Digital Code
B07M81NG4M,VizGiz Backlit Thumbstick Caps for Sony PS4 Controller
B00NFK74JC,Arcana Heart 3: Love Max - PlayStation 3
B07NLRSN12,Darksiders: Warmastered Edition (PlayStation 4)
B07B6L1MH5,"KUIYN Ergonomic USB Wired Gaming Mouse with 3200 DPI and Breathing Light, 6 Buttons, for PC and Mac, Black"
B013T92MBS,Vivi Audio Battery Cover Door Lid for Sony PSP 2000/3000 Portable (Black)
B0B2ZFSDDX,Madden NFL 23 - PlayStation 5
B0001I9YEO,Lemony Snicket's A Series of Unfortunate Events
